[
  {
    "value": "alior_bank",
    "icon": "alior_bank",
    "text": "Alior Bank"
  },
  {
    "value": "bank_millennium",
    "icon": "bank_millennium",
    "text": "Bank Millenium"
  },
  {
    "value": "bank_nowy_bfg_sa",
    "icon": "bank_nowy_bfg_sa",
    "text": "Bank Nowy BFG S.A."
  },
  {
    "value": "bank_pekao_sa",
    "icon": "bank_pekao_sa",
    "text": "Bank PEKAO S.A"
  },
  {
    "value": "banki_spbdzielcze",
    "icon": "banki_spbdzielcze",
    "text": "Bank spółdzielczy"
  },
  {
    "value": "blik",
    "icon": "blik",
    "text": "BLIK"
  },
  {
    "value": "bnp_paribas",
    "icon": "bnp_paribas",
    "text": "BNP Paribas"
  },
  {
    "value": "boz",
    "icon": "boz",
    "text": "BOZ"
  },
  {
    "value": "citi_handlowy",
    "icon": "citi_handlowy",
    "text": "CitiHandlowy"
  },
  {
    "value": "credit_agricole",
    "icon": "credit_agricole",
    "text": "Credit Agricole"
  },
  {
    "value": "envelobank",
    "icon": "envelobank",
    "text": "EnveloBank"
  },
  {
    "value": "etransfer_pocztowy24",
    "icon": "etransfer_pocztowy24",
    "text": "e-Transfer Pocztowy24"
  },
  {
    "value": "getin_bank",
    "icon": "getin_bank",
    "text": "Getin Bank"
  },
  {
    "value": "ideabank",
    "icon": "ideabank",
    "text": "IdeaBank"
  },
  {
    "value": "ing",
    "icon": "ing",
    "text": "ING"
  },
  {
    "value": "inteligo",
    "icon": "inteligo",
    "text": "inteligo"
  },
  {
    "value": "mbank_mtransfer",
    "icon": "mbank_mtransfer",
    "text": "mBank"
  },
  {
    "value": "nest_przelew",
    "icon": "nest_przelew",
    "text": "Nest Przelew"
  },
  {
    "value": "noble_pay",
    "icon": "noble_pay",
    "text": "Noble Pay"
  },
  {
    "value": "pbac_z_ipko",
    "icon": "pbac_z_ipko",
    "text": "PBac z iPKO (PKO+BP"
  },
  {
    "value": "plus_bank",
    "icon": "plus_bank",
    "text": "Plus Bank"
  },
  {
    "value": "santander_przelew24",
    "icon": "santander_przelew24",
    "text": "Santander"
  },
  {
    "value": "tmobile_usbugi_bankowe",
    "icon": "tmobile_usbugi_bankowe",
    "text": "T-Mobile Usługi Bankowe"
  },
  {
    "value": "toyota_bank",
    "icon": "toyota_bank",
    "text": "Toyota Bank"
  },
  {
    "value": "volkswagen_bank",
    "icon": "volkswagen_bank",
    "text": "Volkswagen Bank"
  },
  {
    "value": null,
    "text": "Other"
  }
]
